ADM0_EN,ADM0_PCODE,ADM1_EN,ADM1_PCODE,ADM2_EN,ADM2_PCODE,Year,T,T_00_04,T_05_09,T_10_14,T_15_19,T_20_24,T_25_29,T_30_34,T_35_39,T_40_44,T_45_49,T_50_54,T_55_59,T_60_64,T_65_69,T_70_74,T_75_79,T_80plus,M,M_00_04,M_05_09,M_10_14,M_15_19,M_20_24,M_25_29,M_30_34,M_35_39,M_40_44,M_45_49,M_50_54,M_55_59,M_60_64,M_65_69,M_70_74,M_75_79,M_80plus,F,F_00_04,F_05_09,F_10_14,F_15_19,F_20_24,F_25_29,F_30_34,F_35_39,F_40_44,F_45_49,F_50_54,F_55_59,F_60_64,F_65_69,F_70_74,F_75_79,F_80plus
Tanzania,TZ,DODOMA,TZ01,KONDOA,TZ0101,2020,311638,47166,50580,46483,31596,22043,18646,16840,15295,14145,11014,9775,7270,6234,5128,4382,2744,2297,160764,24121,26210,24447,18924,11912,9198,8238,7470,6951,5930,5028,3504,2663,2090,1873,1259,946,150874,23045,24370,22036,12672,10131,9448,8602,7825,7194,5084,4747,3766,3571,3038,2509,1485,1351
Tanzania,TZ,DODOMA,TZ01,MPWAPWA,TZ0102,2020,368137,58480,60193,51615,37430,29327,23970,23039,18978,17081,12354,9583,7394,5761,4683,3684,2419,2146,182081,29232,30347,26256,19680,14790,11770,11012,9204,8186,6217,4627,3408,2344,1746,1540,922,800,186056,29248,29846,25359,17750,14537,12200,12027,9774,8895,6137,4956,3986,3417,2937,2144,1497,1346
Tanzania,TZ,DODOMA,TZ01,KONGWA,TZ0103,2020,386458,64175,63734,52923,40778,31768,25753,23879,19645,17424,11777,9550,7117,5831,4558,3559,2033,1954,190515,32259,32170,26599,20936,15719,12547,11616,9426,8271,5974,4576,3284,2335,1746,1475,808,774,195943,31916,31564,26324,19842,16049,13206,12263,10219,9153,5803,4974,3833,3496,2812,2084,1225,1180
Tanzania,TZ,DODOMA,TZ01,CHAMWINO,TZ0104,2020,420529,70470,69618,55215,39497,31592,26467,25145,20868,21044,14508,11829,8546,7339,6672,5172,3364,3183,206899,35451,35486,28351,20925,15746,12852,11950,9749,9791,7173,5649,3903,2829,2525,2059,1305,1155,213630,35019,34132,26864,18572,15846,13615,13195,11119,11253,7335,6180,4643,4510,4147,3113,2059,2028
Tanzania,TZ,DODOMA,TZ01,DODOMA MUNICIPAL,TZ0105,2020,505425,64831,63348,59666,62512,54758,41978,34939,28023,25210,18576,14857,10959,8208,6959,4807,3166,2628,250229,32854,31989,29451,30826,28093,21227,17156,13700,12169,9546,7476,5364,3557,2772,1891,1234,924,255196,31977,31359,30215,31686,26665,20751,17783,14323,13041,9030,7381,5595,4651,4187,2916,1932,1704
Tanzania,TZ,DODOMA,TZ01,BAHI,TZ0106,2020,276916,48198,45683,34992,25243,20359,17981,16121,13494,13125,9118,8082,5909,5071,4778,3767,2582,2413,135397,24429,23150,18086,13403,10021,8556,7522,6410,6068,4373,3819,2657,1945,1775,1432,929,822,141519,23769,22533,16906,11840,10338,9425,8599,7084,7057,4745,4263,3252,3126,3003,2335,1653,1591
Tanzania,TZ,DODOMA,TZ01,CHEMBA,TZ0107,2020,293229,48261,48636,40436,28657,21371,19071,16804,14848,13451,9889,8569,6294,5255,4253,3595,2061,1778,149614,24538,25123,21009,16358,11023,9329,8208,7265,6761,5279,4452,3082,2236,1723,1602,896,730,143615,23723,23513,19427,12299,10348,9742,8596,7583,6690,4610,4117,3212,3019,2530,1993,1165,1048
Tanzania,TZ,ARUSHA,TZ02,MONDULI,TZ0201,2020,227005,40063,37598,30517,25032,18815,16076,13136,10950,9801,7243,5126,3867,2871,2239,1628,987,1056,109459,20472,18953,15158,12402,8228,7086,5880,4732,4562,3809,2602,1941,1158,927,711,403,435,117546,19591,18645,15359,12630,10587,8990,7256,6218,5239,3434,2524,1926,1713,1312,917,584,621
Tanzania,TZ,ARUSHA,TZ02,MERU,TZ0202,2020,312524,36810,40296,41840,37379,27311,23207,21471,19333,16078,12703,9730,7959,6095,4776,3199,2324,2013,157055,18884,20598,20988,19077,13856,11461,10732,9849,8233,6764,4850,3905,2689,2004,1389,1033,743,155469,17926,19698,20852,18302,13455,11746,10739,9484,7845,5939,4880,4054,3406,2772,1810,1291,1270
Tanzania,TZ,ARUSHA,TZ02,ARUSHA CITY,TZ0203,2020,536007,63641,55610,58077,70297,65648,55393,46901,37351,27914,18826,12665,9196,5829,3771,2298,1432,1158,264700,32453,27839,28027,31087,31252,27307,23526,19148,14951,10555,7106,4897,2877,1686,986,607,396,271307,31188,27771,30050,39210,34396,28086,23375,18203,12963,8271,5559,4299,2952,2085,1312,825,762
Tanzania,TZ,ARUSHA,TZ02,KARATU,TZ0204,2020,292100,42097,39920,39987,33766,26901,20369,19189,16412,14870,11527,7661,5549,4611,3549,2524,1526,1642,153068,21615,20525,20578,18297,14928,10946,10246,8767,7808,6387,4130,2776,2040,1489,1160,685,691,139032,20482,19395,19409,15469,11973,9423,8943,7645,7062,5140,3531,2773,2571,2060,1364,841,951
Tanzania,TZ,ARUSHA,TZ02,NGORONGORO,TZ0205,2020,231666,46130,41413,30511,23058,17917,16625,12742,10886,8873,6910,4760,3547,2882,1872,1633,866,1041,112168,23176,21053,15885,11977,7598,6970,5717,4763,4176,3422,2272,1731,1208,709,694,383,434,119498,22954,20360,14626,11081,10319,9655,7025,6123,4697,3488,2488,1816,1674,1163,939,483,607
Tanzania,TZ,ARUSHA,TZ02,ARUSHA,TZ0206,2020,412383,58456,55860,53963,52303,41448,33853,28449,23466,18130,13222,9394,7664,5466,4107,2870,1931,1801,202337,29820,28296,26538,25002,20105,16270,13786,11315,9070,6804,4613,3891,2400,1702,1229,822,674,210046,28636,27564,27425,27301,21343,17583,14663,12151,9060,6418,4781,3773,3066,2405,1641,1109,1127
Tanzania,TZ,ARUSHA,TZ02,LONGIDO,TZ0207,2020,178768,32282,30264,23941,19881,14580,13275,10747,8578,7075,5452,3665,2731,2218,1581,1152,707,639,89550,16292,15573,12720,10715,6623,6083,5185,3985,3473,2906,1807,1470,959,660,517,320,262,89218,15990,14691,11221,9166,7957,7192,5562,4593,3602,2546,1858,1261,1259,921,635,387,377
Tanzania,TZ,KILIMANJARO,TZ03,ROMBO,TZ0301,2020,284110,32128,37372,43848,31087,17564,13723,14499,14409,15505,13843,11977,11328,8450,6490,4806,3524,3557,137913,16234,18889,22334,15828,9204,6895,7120,6502,6976,6595,5423,5017,3605,2553,1998,1436,1304,146197,15894,18483,21514,15259,8360,6828,7379,7907,8529,7248,6554,6311,4845,3937,2808,2088,2253
Tanzania,TZ,KILIMANJARO,TZ03,MWANGA,TZ0302,2020,152977,17972,19541,21989,18825,11558,8913,8381,8292,7809,6811,5479,5042,3688,3253,2386,1727,1311,75126,9213,9991,11032,9963,5882,4437,3985,4032,3643,3370,2507,2155,1419,1196,1028,739,534,77851,8759,9550,10957,8862,5676,4476,4396,4260,4166,3441,2972,2887,2269,2057,1358,988,777
Tanzania,TZ,KILIMANJARO,TZ03,SAME,TZ0303,2020,336637,43011,46232,48682,39477,25317,20099,19252,18070,17255,14310,11229,9666,7529,6244,4459,3286,2519,168324,21932,23646,24679,21295,13222,10077,9502,8845,8471,7236,5410,4212,3051,2565,1810,1362,1009,168313,21079,22586,24003,18182,12095,10022,9750,9225,8784,7074,5819,5454,4478,3679,2649,1924,1510
Tanzania,TZ,KILIMANJARO,TZ03,MOSHI,TZ0304,2020,538028,56623,62525,71949,61473,39627,30803,30817,30862,30573,26440,21364,19691,16336,14655,10389,7846,6055,265336,28518,31918,36231,32119,21364,16027,15476,15112,14848,13381,10146,8530,6514,5568,4301,3035,2248,272692,28105,30607,35718,29354,18263,14776,15341,15750,15725,13059,11218,11161,9822,9087,6088,4811,3807
Tanzania,TZ,KILIMANJARO,TZ03,HAI,TZ0305,2020,259383,28795,29662,32928,29512,20274,16192,15969,15475,15202,12302,10530,9143,7106,5998,4489,3382,2424,128627,14820,14961,16864,15032,10581,8264,8093,7765,7486,6301,5062,3907,2917,2312,1900,1435,927,130756,13975,14701,16064,14480,9693,7928,7876,7710,7716,6001,5468,5236,4189,3686,2589,1947,1497
Tanzania,TZ,KILIMANJARO,TZ03,MOSHI MUNICIPAL,TZ0306,2020,221588,25187,20902,22921,29683,27108,21515,18348,15129,12032,8655,6599,5023,3253,2283,1391,891,668,109443,12863,10672,11071,13454,13610,11023,9354,7551,6099,4512,3383,2354,1349,988,574,351,235,112145,12324,10230,11850,16229,13498,10492,8994,7578,5933,4143,3216,2669,1904,1295,817,540,433
Tanzania,TZ,KILIMANJARO,TZ03,SIHA,TZ0307,2020,148239,20524,19938,19744,16509,11639,9409,9140,8845,7781,6246,4718,3956,3265,2519,1786,1199,1021,73759,10329,10107,9991,8610,5707,4692,4564,4422,3740,3284,2220,1869,1432,1056,777,518,441,74480,10195,9831,9753,7899,5932,4717,4576,4423,4041,2962,2498,2087,1833,1463,1009,681,580
Tanzania,TZ,TANGA,TZ04,LUSHOTO,TZ0401,2020,592199,85027,93708,90424,62817,38065,35017,32652,31319,28520,24960,18083,13912,12098,9733,7622,4546,3696,282719,43095,47565,45757,32484,17586,14791,14095,13571,12877,10953,8467,6359,4845,3825,3031,1915,1503,309480,41932,46143,44667,30333,20479,20226,18557,17748,15643,14007,9616,7553,7253,5908,4591,2631,2193
Tanzania,TZ,TANGA,TZ04,KOROGWE,TZ0402,2020,290426,41348,41160,39961,29495,20426,18252,17444,16431,15015,13962,9660,7276,6434,4885,4098,2501,2078,145080,20945,21114,20503,16376,10230,8652,8379,7817,7363,6206,5051,3612,2874,2105,1820,1178,855,145346,20403,20046,19458,13119,10196,9600,9065,8614,7652,7756,4609,3664,3560,2780,2278,1323,1223
Tanzania,TZ,TANGA,TZ04,MUHEZA,TZ0403,2020,234908,30145,29199,29897,24764,18677,16475,15778,14865,12938,11990,7582,5912,5399,4168,3296,2057,1766,118443,15294,14918,15318,13313,9201,8052,7836,7601,6663,5504,4109,3069,2457,1856,1520,1012,720,116465,14851,14281,14579,11451,9476,8423,7942,7264,6275,6486,3473,2843,2942,2312,1776,1045,1046
Tanzania,TZ,TANGA,TZ04,TANGA,TZ0404,2020,309579,35113,34670,37288,39042,32071,26143,23028,19441,16854,14304,9171,7296,5472,3822,2908,1596,1360,151388,17892,17422,18240,18989,15860,12138,10833,9208,8255,6112,5170,3966,2856,1764,1368,774,541,158191,17221,17248,19048,20053,16211,14005,12195,10233,8599,8192,4001,3330,2616,2058,1540,822,819
Tanzania,TZ,TANGA,TZ04,PANGANI,TZ0405,2020,66451,8818,8489,8227,6776,5560,5089,4682,4088,3781,3033,2078,1540,1368,1061,904,517,440,33770,4556,4330,4318,3486,2718,2488,2330,2024,2028,1478,1148,854,660,480,442,255,175,32681,4262,4159,3909,3290,2842,2601,2352,2064,1753,1555,930,686,708,581,462,262,265
Tanzania,TZ,TANGA,TZ04,HANDENI,TZ0406,2020,384900,66495,62434,50432,37786,28254,25944,22912,21217,18152,14883,10062,7305,6265,4742,3784,2301,1932,194849,33293,31926,26258,20562,13658,12216,11095,10522,9570,7441,5750,3793,3016,2158,1731,1088,772,190051,33202,30508,24174,17224,14596,13728,11817,10695,8582,7442,4312,3512,3249,2584,2053,1213,1160
Tanzania,TZ,TANGA,TZ04,KILINDI,TZ0407,2020,369953,68435,60497,46195,36240,28736,26794,23059,19844,16634,13717,8492,6412,5053,3705,2990,1727,1423,188989,34502,31048,23500,19004,14082,13108,11796,10206,8991,6586,5134,3582,2669,1864,1450,821,646,180964,33933,29449,22695,17236,14654,13686,11263,9638,7643,7131,3358,2830,2384,1841,1540,906,777
Tanzania,TZ,TANGA,TZ04,MKINGA,TZ0408,2020,147213,21276,21502,19888,15825,10569,9559,8499,7695,7380,6751,4483,3373,3422,2550,2079,1273,1089,73422,10924,11027,10209,8425,4981,4438,3920,3721,3650,3042,2481,1772,1576,1136,1013,644,463,73791,10352,10475,9679,7400,5588,5121,4579,3974,3730,3709,2002,1601,1846,1414,1066,629,626
Tanzania,TZ,TANGA,TZ04,KOROGWE TOWN,TZ0409,2020,82933,10193,9844,10242,9900,7466,6338,5794,4862,4418,3879,2549,2106,1778,1339,1044,686,495,41015,5279,4958,5164,5043,3661,3010,2787,2429,2210,1832,1316,966,818,625,428,286,203,41918,4914,4886,5078,4857,3805,3328,3007,2433,2208,2047,1233,1140,960,714,616,400,292
Tanzania,TZ,TANGA,TZ04,HANDENI TOWN,TZ0410,2020,109514,16754,16393,14759,12726,8631,7439,6851,5970,4988,4122,2688,2171,1954,1517,1200,720,631,54658,8555,8417,7470,6768,4251,3434,3285,2950,2533,1963,1377,1089,850,637,527,310,242,54856,8199,7976,7289,5958,4380,4005,3566,3020,2455,2159,1311,1082,1104,880,673,410,389
Tanzania,TZ,MOROGORO,TZ05,KILOSA,TZ0501,2020,543637,79561,74117,68061,55643,45952,40475,37630,32509,28069,21133,16366,12969,10595,8278,5989,3629,2661,276975,40133,37585,34855,29406,23186,20685,19502,17049,14522,11591,8579,6381,4721,3449,2656,1577,1098,266662,39428,36532,33206,26237,22766,19790,18128,15460,13547,9542,7787,6588,5874,4829,3333,2052,1563
Tanzania,TZ,MOROGORO,TZ05,MOROGORO,TZ0502,2020,321367,46989,43981,41607,29556,24437,22704,20949,18220,15756,12845,10389,8514,8047,6794,4967,3172,2440,160529,23588,22500,21721,16530,11985,11065,10283,9047,7802,6867,5158,3823,3120,2599,2103,1366,972,160838,23401,21481,19886,13026,12452,11639,10666,9173,7954,5978,5231,4691,4927,4195,2864,1806,1468
Tanzania,TZ,MOROGORO,TZ05,KILOMBERO,TZ0503,2020,505955,65944,67122,64529,53818,44425,39028,37937,32159,26646,19437,14708,12447,9642,7521,5270,3266,2056,256578,33587,33796,32900,27894,22259,19435,19393,17026,13981,10621,7548,6073,4357,3112,2375,1431,790,249377,32357,33326,31629,25924,22166,19593,18544,15133,12665,8816,7160,6374,5285,4409,2895,1835,1266
Tanzania,TZ,MOROGORO,TZ05,ULANGA,TZ0504,2020,349526,52022,50038,46104,37288,30025,26553,23304,19733,16516,12627,9444,7622,6403,4993,3425,2231,1198,177454,26048,25230,23769,19912,15211,13562,11945,10263,8674,6991,4826,3596,2680,1874,1415,975,483,172072,25974,24808,22335,17376,14814,12991,11359,9470,7842,5636,4618,4026,3723,3119,2010,1256,715
Tanzania,TZ,MOROGORO,TZ05,MOROGORO MUNICIPAL,TZ0505,2020,418556,48905,44641,45578,54157,49470,40997,34644,26735,21365,15389,11306,8973,6505,4352,2725,1645,1169,206920,24614,22268,21990,25180,24677,20198,17492,13557,10992,8296,5909,4555,2979,1932,1211,656,414,211636,24291,22373,23588,28977,24793,20799,17152,13178,10373,7093,5397,4418,3526,2420,1514,989,755
Tanzania,TZ,MOROGORO,TZ05,MVOMERO,TZ0506,2020,376824,56760,53354,48100,37999,31484,27067,25204,21744,19040,14155,11397,9188,7256,5574,4125,2577,1800,191399,28563,27105,24524,20186,15958,13920,12797,11194,9846,7696,5958,4425,3255,2240,1854,1157,721,185425,28197,26249,23576,17813,15526,13147,12407,10550,9194,6459,5439,4763,4001,3334,2271,1420,1079
Tanzania,TZ,MOROGORO,TZ05,GAIRO,TZ0507,2020,259817,46309,42967,36396,28724,21385,17143,15254,12802,11044,7644,5581,4368,3508,2816,2024,1115,737,128665,23119,21488,18134,14704,10787,8644,7535,6131,5449,3913,2729,1912,1384,1093,851,501,291,131152,23190,21479,18262,14020,10598,8499,7719,6671,5595,3731,2852,2456,2124,1723,1173,614,446
Tanzania,TZ,COAST,TZ06,BAGAMOYO,TZ0601,2020,408198,58073,52805,48039,41121,36928,33025,29290,24666,20966,15560,11660,9423,8756,6838,5049,3232,2767,206788,29574,26782,24589,21087,18374,16594,15039,13068,11058,8625,6195,4691,3751,2738,2176,1381,1066,201410,28499,26023,23450,20034,18554,16431,14251,11598,9908,6935,5465,4732,5005,4100,2873,1851,1701
Tanzania,TZ,COAST,TZ06,KIBAHA,TZ0602,2020,90707,11507,10762,10345,9806,9486,7124,6506,5743,4776,3452,2686,2140,2032,1638,1209,780,715,45732,5949,5371,5257,4868,5113,3503,3261,2906,2481,1900,1376,1094,874,673,522,324,260,44975,5558,5391,5088,4938,4373,3621,3245,2837,2295,1552,1310,1046,1158,965,687,456,455
Tanzania,TZ,COAST,TZ06,KISARAWE,TZ0603,2020,110759,14284,13479,12569,10174,8650,7841,7581,6994,5893,4700,3887,3367,3185,2782,2360,1520,1493,56127,7274,6990,6592,5529,4398,3903,3857,3699,3146,2560,1979,1626,1309,1086,970,645,564,54632,7010,6489,5977,4645,4252,3938,3724,3295,2747,2140,1908,1741,1876,1696,1390,875,929
Tanzania,TZ,COAST,TZ06,MKURANGA,TZ0604,2020,260000,36992,36989,34098,25506,18873,17333,16991,14813,13230,9981,8359,6267,6065,4931,4182,2642,2748,128130,18831,18943,17638,13465,8648,7698,8010,7093,6628,5316,4262,2942,2635,1952,1846,1157,1066,131870,18161,18046,16460,12041,10225,9635,8981,7720,6602,4665,4097,3325,3430,2979,2336,1485,1682
Tanzania,TZ,COAST,TZ06,RUFIJI,TZ0605,2020,238545,36379,36546,32618,23254,17943,15456,14504,12274,11483,8191,6938,5116,5128,4076,3776,2196,2667,117138,18453,18782,16897,12289,8321,7086,6582,5793,5667,4237,3464,2445,2008,1574,1650,885,1005,121407,17926,17764,15721,10965,9622,8370,7922,6481,5816,3954,3474,2671,3120,2502,2126,1311,1662
Tanzania,TZ,COAST,TZ06,MAFIA,TZ0606,2020,53564,6847,6341,6485,5937,5062,4677,4101,3505,2900,2006,1685,1022,1014,694,664,308,316,27038,3424,3119,3299,3052,2414,2359,2087,1783,1532,1163,916,559,486,297,308,126,114,26526,3423,3222,3186,2885,2648,2318,2014,1722,1368,843,769,463,528,397,356,182,202
Tanzania,TZ,COAST,TZ06,KIBAHA TOWN,TZ0607,2020,196069,23434,21768,21126,23406,22265,18253,15620,12473,10285,7247,5511,4530,3510,2597,1865,1131,1048,98106,11993,10960,10370,11261,11148,9245,7983,6370,5304,3988,2982,2212,1611,1067,768,468,376,97963,11441,10808,10756,12145,11117,9008,7637,6103,4981,3259,2529,2318,1899,1530,1097,663,672
Tanzania,TZ,DAR ES SALAAM,TZ07,KINONDONI,TZ0701,2020,2698552,304202,241510,232181,329355,368015,318681,260789,199595,150165,100657,63747,50912,33150,21485,12000,7088,5020,1355902,154503,121573,110402,141922,181129,165350,137714,106961,82570,54012,35541,26774,16436,10449,5671,3118,1777,1342650,149699,119937,121779,187433,186886,153331,123075,92634,67595,46645,28206,24138,16714,11036,6329,3970,3243
Tanzania,TZ,DAR ES SALAAM,TZ07,ILALA,TZ0702,2020,2103669,249624,208363,197606,253330,263895,228704,195334,151441,117227,80927,51876,40140,25868,17184,10630,6691,4829,1060491,126736,104455,95466,113203,131584,117066,102139,80796,64561,43520,29512,21667,12764,7992,4674,2672,1684,1043178,122888,103908,102140,140127,132311,111638,93195,70645,52666,37407,22364,18473,13104,9192,5956,4019,3145
Tanzania,TZ,DAR ES SALAAM,TZ07,TEMEKE,TZ0703,2020,2235356,268396,228486,219801,265025,277583,245352,202969,159068,121835,85920,54244,39903,26301,17533,11037,6474,5429,1130262,136190,114009,106465,121686,138039,126979,106415,83779,65795,45915,31072,22121,13623,8479,4999,2761,1935,1105094,132206,114477,113336,143339,139544,118373,96554,75289,56040,40005,23172,17782,12678,9054,6038,3713,3494
Tanzania,TZ,LINDI,TZ08,KILWA,TZ0801,2020,217978,32918,32912,28804,21727,16832,15516,14209,12281,10371,9479,5697,4278,3966,3247,2658,1679,1404,106884,16545,16819,14704,11361,7821,7117,6769,5793,5001,4150,3113,2210,1723,1311,1153,728,566,111094,16373,16093,14100,10366,9011,8399,7440,6488,5370,5329,2584,2068,2243,1936,1505,951,838
Tanzania,TZ,LINDI,TZ08,LINDI,TZ0802,2020,189871,23972,24844,23130,15453,13212,12341,12849,12117,10951,10619,7012,5698,5896,4847,3385,2145,1400,91118,12081,12478,11830,8336,6181,5729,6020,5738,5076,4510,3386,2436,2430,1925,1451,932,579,98753,11891,12366,11300,7117,7031,6612,6829,6379,5875,6109,3626,3262,3466,2922,1934,1213,821
Tanzania,TZ,LINDI,TZ08,NACHINGWEA,TZ0803,2020,199020,23991,25085,24702,18469,15713,14721,13947,13440,11228,10436,6369,5666,4710,4104,2950,2073,1416,97761,12102,12650,12822,9953,7739,7220,6590,6516,5347,4251,3299,2679,2111,1677,1286,937,582,101259,11889,12435,11880,8516,7974,7501,7357,6924,5881,6185,3070,2987,2599,2427,1664,1136,834
Tanzania,TZ,LINDI,TZ08,LIWALE,TZ0804,2020,111517,14310,16390,15077,11260,9101,8321,7465,6955,5302,4871,3225,2532,2182,1938,1268,754,566,54746,7145,8214,7688,5825,4340,3988,3627,3359,2514,2063,1720,1285,983,808,607,333,247,56771,7165,8176,7389,5435,4761,4333,3838,3596,2788,2808,1505,1247,1199,1130,661,421,319
Tanzania,TZ,LINDI,TZ08,RUANGWA,TZ0805,2020,143857,16253,17177,17241,12458,10565,10233,10783,10195,8324,7919,5098,4507,4053,3607,2514,1818,1112,70821,8149,8645,9052,6924,5183,5018,5212,5009,4206,3518,2505,2075,1687,1361,1057,775,445,73036,8104,8532,8189,5534,5382,5215,5571,5186,4118,4401,2593,2432,2366,2246,1457,1043,667
Tanzania,TZ,LINDI,TZ08,LINDI MUNICIPAL,TZ0806,2020,137397,15521,15626,16768,13924,11152,10478,10167,8895,7560,6981,4984,4056,3957,3033,2012,1328,955,66450,7837,7867,8349,7030,5501,4855,4880,4283,3661,3084,2577,1829,1657,1241,858,560,381,70947,7684,7759,8419,6894,5651,5623,5287,4612,3899,3897,2407,2227,2300,1792,1154,768,574
Tanzania,TZ,MTWARA,TZ09,MTWARA,TZ0901,2020,263312,35631,35399,33167,23452,18470,16712,17019,16168,15632,11749,10143,8108,7257,5881,4140,2571,1813,126919,17918,18062,17101,12019,8602,7666,7470,7445,7348,5857,4895,3590,3085,2320,1715,1096,730,136393,17713,17337,16066,11433,9868,9046,9549,8723,8284,5892,5248,4518,4172,3561,2425,1475,1083
Tanzania,TZ,MTWARA,TZ09,NEWALA,TZ0902,2020,234644,29556,27064,27986,20530,17073,15430,16128,14521,13626,10903,9092,8783,7092,7075,4627,3176,1982,110170,14955,13687,14359,10539,8169,7138,7130,6706,6095,5281,4033,3449,2550,2379,1817,1160,723,124474,14601,13377,13627,9991,8904,8292,8998,7815,7531,5622,5059,5334,4542,4696,2810,2016,1259
Tanzania,TZ,MTWARA,TZ09,MASASI,TZ0903,2020,281236,37524,35010,34876,24777,22004,19518,18935,17701,16021,12641,9849,8759,7220,6497,4606,3309,1989,137514,19006,17500,18153,13479,10740,9616,9036,8544,7520,6131,4740,3799,2875,2431,1861,1314,769,143722,18518,17510,16723,11298,11264,9902,9899,9157,8501,6510,5109,4960,4345,4066,2745,1995,1220
Tanzania,TZ,MTWARA,TZ09,TANDAHIMBA,TZ0904,2020,261876,33419,31740,31574,23738,18796,17348,17878,16407,15368,11971,10340,9291,7499,7162,4537,2964,1844,123489,16841,16010,16240,11895,8773,7806,8016,7380,7140,5713,4849,3871,2807,2486,1804,1194,664,138387,16578,15730,15334,11843,10023,9542,9862,9027,8228,6258,5491,5420,4692,4676,2733,1770,1180
Tanzania,TZ,MTWARA,TZ09,MTWARA MIKINDANI,TZ0905,2020,120742,12956,12701,13981,14631,12865,10710,9617,7948,6869,4896,3880,2966,2462,1822,1183,716,539,58100,6527,6272,6764,6815,6232,5007,4592,3688,3292,2488,2008,1438,1092,836,527,326,196,62642,6429,6429,7217,7816,6633,5703,5025,4260,3577,2408,1872,1528,1370,986,656,390,343
Tanzania,TZ,MTWARA,TZ09,NANYUMBU,TZ0906,2020,175212,25163,24608,21908,14843,13491,12571,11673,10814,9586,6967,6017,4820,4235,3430,2424,1607,1055,85520,12631,12343,11067,7608,6535,6192,5456,5245,4518,3460,2898,2256,1773,1400,996,720,422,89692,12532,12265,10841,7235,6956,6379,6217,5569,5068,3507,3119,2564,2462,2030,1428,887,633
Tanzania,TZ,MTWARA,TZ09,MASASI TOWN,TZ0907,2020,120943,15393,14279,14494,12174,10618,9432,8601,7697,6934,5114,3951,3392,2736,2529,1713,1187,699,59003,7772,7170,7304,6397,5014,4618,4161,3690,3263,2558,1907,1566,1159,993,681,482,268,61940,7621,7109,7190,5777,5604,4814,4440,4007,3671,2556,2044,1826,1577,1536,1032,705,431
Tanzania,TZ,RUVUMA,TZ10,TUNDURU,TZ1001,2020,360350,50007,54072,48063,35745,27718,27582,23487,21352,17110,14328,10361,7871,7657,6288,4238,2597,1874,177334,25665,25599,24790,17983,13172,13803,11568,10825,8449,7205,4985,3778,2938,2571,1948,1231,824,183016,24342,28473,23273,17762,14546,13779,11919,10527,8661,7123,5376,4093,4719,3717,2290,1366,1050
Tanzania,TZ,RUVUMA,TZ10,SONGEA,TZ1002,2020,191415,27375,27169,24631,18325,15231,14091,12514,11147,9632,8238,6069,5019,4192,3256,2211,1509,806,97516,14198,12794,13060,9953,7917,7628,6605,5886,4884,4337,2963,2300,1684,1398,913,669,327,93899,13177,14375,11571,8372,7314,6463,5909,5261,4748,3901,3106,2719,2508,1858,1298,840,479
Tanzania,TZ,RUVUMA,TZ10,MBINGA,TZ1003,2020,426839,63741,60916,56210,45172,39428,33016,27407,23610,19951,17856,11942,9026,6781,4926,3245,2431,1181,214188,32904,28712,29190,23250,20130,17608,14035,11721,9723,9163,5830,4210,2682,2004,1437,1040,549,212651,30837,32204,27020,21922,19298,15408,13372,11889,10228,8693,6112,4816,4099,2922,1808,1391,632
Tanzania,TZ,RUVUMA,TZ10,SONGEA MUNICIPAL,TZ1004,2020,290520,39125,36493,36994,36749,28566,24603,20669,16761,13128,10847,7496,5912,5033,3532,2250,1469,893,141623,19968,16843,18473,17966,14309,12269,10255,8260,6258,5344,3658,2740,1972,1438,942,612,316,148897,19157,19650,18521,18783,14257,12334,10414,8501,6870,5503,3838,3172,3061,2094,1308,857,577
Tanzania,TZ,RUVUMA,TZ10,NAMTUMBO,TZ1005,2020,234713,36120,34023,32281,23231,17863,17119,15325,13500,11440,9141,6607,5138,4568,3485,2337,1578,957,117066,18539,16174,17055,12449,8690,8577,7480,6744,5558,4713,3112,2415,1876,1467,1090,722,405,117647,17581,17849,15226,10782,9173,8542,7845,6756,5882,4428,3495,2723,2692,2018,1247,856,552
Tanzania,TZ,RUVUMA,TZ10,NYASA,TZ1006,2020,186442,29240,27839,24892,17637,15225,13737,11637,10183,9057,7821,5296,4240,3198,2602,1859,1289,690,92902,15119,13253,13187,9220,7338,6902,5767,5061,4434,4025,2626,1969,1274,1057,822,546,302,93540,14121,14586,11705,8417,7887,6835,5870,5122,4623,3796,2670,2271,1924,1545,1037,743,388
Tanzania,TZ,IRINGA,TZ11,IRINGA,TZ1101,2020,269639,37448,39151,39459,28330,19865,17436,16589,15076,12908,10438,8448,6999,5440,4741,3316,2211,1784,134213,18952,19810,20317,16219,10472,8865,8232,7331,5908,5153,3784,3006,1965,1598,1216,818,567,135426,18496,19341,19142,12111,9393,8571,8357,7745,7000,5285,4664,3993,3475,3143,2100,1393,1217
Tanzania,TZ,IRINGA,TZ11,MUFINDI,TZ1102,2020,293544,40747,43059,43718,31892,23371,21232,17982,16548,13216,10582,7989,6846,5311,4357,3022,2071,1601,142826,20483,21788,21887,17475,11918,10302,8560,7674,5937,5050,3431,2772,1862,1425,1027,739,496,150718,20264,21271,21831,14417,11453,10930,9422,8874,7279,5532,4558,4074,3449,2932,1995,1332,1105
Tanzania,TZ,IRINGA,TZ11,IRINGA MUNICIPAL,TZ1103,2020,201395,23571,21063,22909,29312,26579,20093,14868,11139,8572,6404,5032,4113,2833,2061,1358,872,616,98524,11913,10378,10974,13647,13548,10246,7583,5583,4160,3300,2383,1835,1131,804,507,339,193,102871,11658,10685,11935,15665,13031,9847,7285,5556,4412,3104,2649,2278,1702,1257,851,533,423
Tanzania,TZ,IRINGA,TZ11,KILOLO,TZ1104,2020,240575,32696,34765,35311,24919,18813,16867,15093,14103,11808,8983,7220,5607,4609,3725,2791,1810,1455,119556,16349,17604,18091,14149,9732,8483,7335,6778,5545,4457,3275,2476,1706,1336,991,697,552,121019,16347,17161,17220,10770,9081,8384,7758,7325,6263,4526,3945,3131,2903,2389,1800,1113,903
Tanzania,TZ,IRINGA,TZ11,MAFINGA,TZ1105,2020,70282,9092,7669,7856,9748,9384,7982,5638,3951,2775,1913,1441,1063,689,443,283,205,150,34687,4601,3818,3739,4619,4478,4021,2999,2131,1380,1026,687,500,304,173,101,66,44,35595,4491,3851,4117,5129,4906,3961,2639,1820,1395,887,754,563,385,270,182,139,106
Tanzania,TZ,MBEYA,TZ12,CHUNYA,TZ1201,2020,398156,71094,58163,49271,42410,36502,31232,25402,20897,17201,14527,9035,7148,5598,3998,2720,1706,1252,204036,35569,29178,24956,21518,18805,16750,13363,11404,8970,7076,5298,3890,2730,1861,1344,811,513,194120,35525,28985,24315,20892,17697,14482,12039,9493,8231,7451,3737,3258,2868,2137,1376,895,739
Tanzania,TZ,MBEYA,TZ12,MBEYA,TZ1202,2020,372045,55200,50813,49945,43679,33038,26875,23317,20850,16820,15383,9461,7753,6064,5128,3647,2349,1723,179637,27779,25519,24750,21820,16245,13288,10892,9642,7894,6334,4494,3600,2412,1908,1455,941,664,192408,27421,25294,25195,21859,16793,13587,12425,11208,8926,9049,4967,4153,3652,3220,2192,1408,1059
Tanzania,TZ,MBEYA,TZ12,KYELA,TZ1203,2020,281985,37812,38848,37136,35133,24988,21023,19140,15795,12210,10660,6591,5396,5259,4530,3322,2387,1755,138391,19287,19545,18819,17713,12497,10005,9457,8121,6125,4565,3255,2446,2029,1572,1310,981,664,143594,18525,19303,18317,17420,12491,11018,9683,7674,6085,6095,3336,2950,3230,2958,2012,1406,1091
Tanzania,TZ,MBEYA,TZ12,RUNGWE,TZ1204,2020,383359,49901,52485,52554,44783,30360,24146,22168,19965,18210,16440,11334,10011,8680,8353,6388,4690,2891,185518,25145,26566,26531,22742,15486,11646,10479,9521,8618,7124,5607,4436,3259,2943,2492,1803,1120,197841,24756,25919,26023,22041,14874,12500,11689,10444,9592,9316,5727,5575,5421,5410,3896,2887,1771
Tanzania,TZ,MBEYA,TZ12,MBARALI,TZ1207,2020,385493,62657,54052,48941,41274,33428,28985,25674,21828,17988,15221,9376,7479,6295,4778,3549,2193,1775,192031,31336,27055,24740,21137,16485,14752,12817,11180,9002,6744,5075,3894,2798,1984,1475,886,671,193462,31321,26997,24201,20137,16943,14233,12857,10648,8986,8477,4301,3585,3497,2794,2074,1307,1104
Tanzania,TZ,MBEYA,TZ12,MBEYA CITY,TZ1208,2020,529669,66970,59459,62962,73888,67212,49465,38811,30590,22949,18366,11551,9451,6523,4957,3215,2043,1257,258652,33963,29543,30067,33972,33945,24756,19335,15585,11407,8383,5809,4468,2789,2084,1317,800,429,271017,33007,29916,32895,39916,33267,24709,19476,15005,11542,9983,5742,4983,3734,2873,1898,1243,828
Tanzania,TZ,SINGIDA,TZ13,IRAMBA,TZ1301,2020,433723,71341,65204,59363,43074,33843,28111,25183,22769,19990,19091,10598,8325,7622,6964,5234,3702,3309,219074,36253,33582,31126,24583,17190,13808,12419,11200,10041,7822,5758,4016,3291,2688,2291,1598,1408,214649,35088,31622,28237,18491,16653,14303,12764,11569,9949,11269,4840,4309,4331,4276,2943,2104,1901
Tanzania,TZ,SINGIDA,TZ13,SINGIDA,TZ1302,2020,270128,46839,44356,38146,27987,20121,15271,13744,12796,12103,11358,6785,5402,4823,3950,2683,2297,1467,136678,23745,22777,19837,15780,10899,8036,6787,6131,5724,4373,3458,2591,2069,1635,1137,1034,665,133450,23094,21579,18309,12207,9222,7235,6957,6665,6379,6985,3327,2811,2754,2315,1546,1263,802
Tanzania,TZ,SINGIDA,TZ13,MANYONI,TZ1303,2020,414903,73639,63997,53908,42787,35288,28756,23571,20113,18200,15640,10168,7636,6212,5567,4011,2731,2679,209123,37422,32443,27684,22785,18079,14614,11582,9779,8975,7027,5599,3750,3027,2417,1759,1149,1032,205780,36217,31554,26224,20002,17209,14142,11989,10334,9225,8613,4569,3886,3185,3150,2252,1582,1647
Tanzania,TZ,SINGIDA,TZ13,SINGIDA MUNICIPAL,TZ1304,2020,185563,27595,24977,23023,22670,18487,14079,11527,9777,8170,7695,4758,3853,2842,2511,1589,1187,823,92646,14179,12474,11385,11794,9797,7276,5763,4726,3972,3219,2438,1910,1234,1009,668,493,309,92917,13416,12503,11638,10876,8690,6803,5764,5051,4198,4476,2320,1943,1608,1502,921,694,514
Tanzania,TZ,SINGIDA,TZ13,IKUNGI,TZ1305,2020,351799,63713,57736,46364,34657,26602,21313,19041,16968,16155,14756,9096,7398,5368,4991,3450,2517,1674,179336,32263,29398,24197,19837,14287,10734,9413,8402,7936,6329,4892,3748,2400,2124,1469,1155,752,172463,31450,28338,22167,14820,12315,10579,9628,8566,8219,8427,4204,3650,2968,2867,1981,1362,922
Tanzania,TZ,SINGIDA,TZ13,MKALAMA,TZ1306,2020,156340,25862,24459,22666,15829,12069,9577,8374,7739,6930,6525,3854,3135,2718,2371,1761,1315,1156,79192,13216,12727,11727,9096,6221,4759,4110,3706,3362,2835,2011,1504,1156,932,774,576,480,77148,12646,11732,10939,6733,5848,4818,4264,4033,3568,3690,1843,1631,1562,1439,987,739,676
Tanzania,TZ,TABORA,TZ14,NZEGA,TZ1401,2020,605795,107630,95231,81323,66650,53604,42104,34248,28138,23615,17638,14653,10695,9376,7580,6023,3756,3531,302766,54757,48570,41362,34475,26518,20652,16962,13814,11562,9241,7292,4985,4011,3006,2531,1602,1426,303029,52873,46661,39961,32175,27086,21452,17286,14324,12053,8397,7361,5710,5365,4574,3492,2154,2105
Tanzania,TZ,TABORA,TZ14,IGUNGA,TZ1402,2020,491597,91915,78499,64331,54124,44039,33387,27568,23029,19829,14064,11199,8171,7014,5565,4020,2712,2131,246402,46645,39799,32771,27279,22130,16491,13683,11319,9936,7573,5656,3912,3177,2237,1723,1180,891,245195,45270,38700,31560,26845,21909,16896,13885,11710,9893,6491,5543,4259,3837,3328,2297,1532,1240
Tanzania,TZ,TABORA,TZ14,UYUI,TZ1403,2020,548431,104397,90624,75481,61035,47414,37263,30179,24710,20677,14570,11887,8345,7123,5465,4343,2529,2389,278542,53033,46399,39083,31580,23869,18388,15103,12332,10385,7937,6227,4206,3342,2344,2047,1214,1053,269889,51364,44225,36398,29455,23545,18875,15076,12378,10292,6633,5660,4139,3781,3121,2296,1315,1336
Tanzania,TZ,TABORA,TZ14,URAMBO,TZ1404,2020,263616,47974,41192,36547,31013,23622,18254,14598,12455,10121,7124,5626,4287,3599,2762,2080,1244,1118,134126,24268,20918,18731,16121,12442,9222,7344,6245,5226,3918,2865,2073,1621,1146,915,602,469,129490,23706,20274,17816,14892,11180,9032,7254,6210,4895,3206,2761,2214,1978,1616,1165,642,649
Tanzania,TZ,TABORA,TZ14,SIKONGE,TZ1405,2020,236907,44209,37555,32109,26885,20856,16775,13338,11376,9045,6295,5023,3723,3068,2412,1985,1224,1029,119898,22254,19091,16369,13727,10552,8453,6728,5787,4705,3546,2603,1797,1372,999,916,553,446,117009,21955,18464,15740,13158,10304,8322,6610,5589,4340,2749,2420,1926,1696,1413,1069,671,583
Tanzania,TZ,TABORA,TZ14,TABORA MUNICIPAL,TZ1406,2020,259818,36409,33491,33573,33392,28106,21333,16847,13706,11105,8139,6671,5147,3925,2961,2384,1402,1227,129575,18375,16837,16689,16609,13951,10762,8448,6803,5674,4320,3522,2530,1738,1270,1010,580,457,130243,18034,16654,16884,16783,14155,10571,8399,6903,5431,3819,3149,2617,2187,1691,1374,822,770
Tanzania,TZ,TABORA,TZ14,KALIUA,TZ1407,2020,623691,121316,101526,84727,71294,56167,43911,35438,28772,22986,15394,12815,8576,7456,5143,4060,2136,1974,319499,61666,52054,43738,36463,28771,22066,18222,14929,12105,8465,6703,4350,3599,2454,1953,1034,927,304192,59650,49472,40989,34831,27396,21845,17216,13843,10881,6929,6112,4226,3857,2689,2107,1102,1047
Tanzania,TZ,RUKWA,TZ15,KALAMBO,TZ1501,2020,215192,43327,36032,29781,22653,18013,15000,11814,9366,7803,5843,4475,3383,2856,1998,1321,905,622,106675,21624,18261,15002,11060,8620,7506,5952,4656,3789,3012,2215,1679,1202,815,591,404,287,108517,21703,17771,14779,11593,9393,7494,5862,4710,4014,2831,2260,1704,1654,1183,730,501,335
Tanzania,TZ,RUKWA,TZ15,SUMBAWANGA,TZ1502,2020,532432,106963,90618,71322,54589,44764,39112,31614,24834,18586,13306,10563,7812,6599,4653,3330,2040,1727,265464,53428,45300,36000,26702,21577,19557,16139,12962,9513,7188,5415,3815,2976,1844,1368,929,751,266968,53535,45318,35322,27887,23187,19555,15475,11872,9073,6118,5148,3997,3623,2809,1962,1111,976
Tanzania,TZ,RUKWA,TZ15,NKASI,TZ1503,2020,375692,75182,62419,50891,39979,31249,26579,22082,17855,13765,9667,7501,6003,4903,3118,2134,1363,1002,187907,37716,31252,25550,19640,15183,13351,11308,9174,7218,5247,3770,2904,2261,1352,1005,572,404,187785,37466,31167,25341,20339,16066,13228,10774,8681,6547,4420,3731,3099,2642,1766,1129,791,598
Tanzania,TZ,RUKWA,TZ15,SUMBAWANGA MUNICIPAL,TZ1504,2020,290863,46712,42862,40572,36663,29435,23208,18444,14538,10940,7858,5719,4510,3556,2498,1606,998,744,143863,23461,21119,19620,18101,15031,11677,9211,7277,5493,4028,2852,2174,1511,999,618,426,265,147000,23251,21743,20952,18562,14404,11531,9233,7261,5447,3830,2867,2336,2045,1499,988,572,479
Tanzania,TZ,KIGOMA,TZ16,KIBONDO,TZ1601,2020,323805,63254,50355,44958,35612,27548,21606,16729,14774,12222,9161,7747,5415,4784,3547,2775,1633,1685,158845,31748,25400,22143,17254,14141,11119,8249,7082,5688,4617,3427,2440,1816,1329,1062,681,649,164960,31506,24955,22815,18358,13407,10487,8480,7692,6534,4544,4320,2975,2968,2218,1713,952,1036
Tanzania,TZ,KIGOMA,TZ16,KASULU,TZ1602,2020,391170,82644,61808,51977,41844,31333,24989,21180,17411,14788,10864,9028,6182,5737,3841,3509,1835,2200,194638,41357,31381,26522,21372,15311,12408,10358,8570,7241,5808,4501,3058,2286,1498,1360,748,859,196532,41287,30427,25455,20472,16022,12581,10822,8841,7547,5056,4527,3124,3451,2343,2149,1087,1341
Tanzania,TZ,KIGOMA,TZ16,KIGOMA,TZ1603,2020,228803,39755,33817,32153,26965,18718,14133,11766,10685,9598,7603,6628,4771,4065,2746,2503,1391,1506,112352,20202,17416,16453,13808,9097,6584,5377,4846,4227,3816,3258,2325,1583,1171,985,591,613,116451,19553,16401,15700,13157,9621,7549,6389,5839,5371,3787,3370,2446,2482,1575,1518,800,893
Tanzania,TZ,KIGOMA,TZ16,KIGOMA UJIJI MUNICIPAL,TZ1604,2020,306793,45093,40135,41713,42685,30643,22683,18601,16278,13659,9941,8309,5810,4118,2802,2069,1097,1157,152150,22796,20298,20464,21144,16079,10990,8886,7998,6709,5227,4149,3072,1681,1122,739,456,340,154643,22297,19837,21249,21541,14564,11693,9715,8280,6950,4714,4160,2738,2437,1680,1330,641,817
Tanzania,TZ,KIGOMA,TZ16,UVINZA,TZ1605,2020,509126,98838,78939,66714,53525,41341,35229,29373,25383,21540,15367,13034,9058,7278,4935,4093,2151,2328,256824,49899,39998,34112,27613,20409,17456,14632,12825,10929,8289,6802,4735,3305,2247,1764,927,882,252302,48939,38941,32602,25912,20932,17773,14741,12558,10611,7078,6232,4323,3973,2688,2329,1224,1446
Tanzania,TZ,KIGOMA,TZ16,BUHIGWE,TZ1606,2020,337504,65527,51265,45923,36596,26223,20939,17495,16070,14040,10356,8817,6418,5806,4137,3630,1945,2317,163872,33290,25983,23292,17836,12049,9827,7917,7691,6534,5248,4198,3032,2281,1589,1372,810,923,173632,32237,25282,22631,18760,14174,11112,9578,8379,7506,5108,4619,3386,3525,2548,2258,1135,1394
Tanzania,TZ,KIGOMA,TZ16,KAKONKO,TZ1607,2020,149909,29264,23137,21175,15658,11603,9123,7429,7020,6186,4758,4051,3076,2363,1810,1479,787,990,74296,14737,11720,10687,7754,5899,4799,3702,3381,2900,2491,1892,1509,922,686,546,299,372,75613,14527,11417,10488,7904,5704,4324,3727,3639,3286,2267,2159,1567,1441,1124,933,488,618
Tanzania,TZ,KIGOMA,TZ16,KASULU TOWN,TZ1608,2020,230686,40877,34488,31866,28090,19651,14945,12884,11498,9348,6825,5356,3929,3408,2608,2230,1296,1387,112773,20841,17371,15755,13908,9527,7160,6230,5470,4372,3547,2633,1863,1327,969,777,539,484,117913,20036,17117,16111,14182,10124,7785,6654,6028,4976,3278,2723,2066,2081,1639,1453,757,903
Tanzania,TZ,SHINYANGA,TZ17,SHINYANGA MUNICIPAL,TZ1701,2020,187876,25966,23947,23471,23638,20599,15216,12449,10476,8821,6485,5116,3793,2828,2024,1511,867,669,93843,12998,12168,11616,11747,10686,7655,6175,5128,4381,3442,2637,1870,1282,855,622,347,234,94033,12968,11779,11855,11891,9913,7561,6274,5348,4440,3043,2479,1923,1546,1169,889,520,435
Tanzania,TZ,SHINYANGA,TZ17,KISHAPU,TZ1702,2020,320311,57494,49600,42567,35621,29021,20792,17423,15417,14231,9936,7944,5472,4760,3828,2894,1859,1452,162706,29305,25348,21656,18563,15013,10780,8857,7560,7096,5429,4101,2673,2095,1570,1240,806,614,157605,28189,24252,20911,17058,14008,10012,8566,7857,7135,4507,3843,2799,2665,2258,1654,1053,838
Tanzania,TZ,SHINYANGA,TZ17,SHINYANGA,TZ1703,2020,407334,76558,65750,55032,45354,35301,25865,21746,18941,16741,11743,9499,6625,5688,4730,3479,2372,1910,203439,38857,33436,27786,23220,18065,12755,10689,8961,8255,6129,4661,3116,2408,1867,1448,1028,758,203895,37701,32314,27246,22134,17236,13110,11057,9980,8486,5614,4838,3509,3280,2863,2031,1344,1152
Tanzania,TZ,SHINYANGA,TZ17,KAHAMA,TZ1704,2020,639206,123398,103344,88249,73222,56619,42632,34659,29511,24650,17075,13988,9137,7724,5794,4280,2657,2267,320955,62547,52336,45013,36964,28494,21266,17157,14396,12217,9056,7160,4415,3445,2405,1901,1191,992,318251,60851,51008,43236,36258,28125,21366,17502,15115,12433,8019,6828,4722,4279,3389,2379,1466,1275
Tanzania,TZ,SHINYANGA,TZ17,KAHAMA TOWN,TZ1705,2020,339957,54892,46536,42405,41259,36006,29041,23412,18678,14005,9338,7083,5088,4019,3165,2288,1511,1231,169073,27547,23066,21016,19850,17383,14715,12231,9896,7333,5141,3624,2428,1675,1195,899,633,441,170884,27345,23470,21389,21409,18623,14326,11181,8782,6672,4197,3459,2660,2344,1970,1389,878,790
Tanzania,TZ,KAGERA,TZ18,KARAGWE,TZ1801,2020,514498,91305,73308,71077,57459,42452,36219,31228,27085,22719,17454,12444,9604,7724,5801,3747,2816,2056,260164,46024,36888,35456,29893,22454,19250,16309,13893,11547,9334,6089,4295,3194,2272,1424,1094,748,254334,45281,36420,35621,27566,19998,16969,14919,13192,11172,8120,6355,5309,4530,3529,2323,1722,1308
Tanzania,TZ,KAGERA,TZ18,BUKOBA,TZ1802,2020,352127,55055,52644,51684,37791,24081,21945,21682,20366,17128,12562,8991,7757,6102,5159,3881,3002,2297,175982,27859,26723,26664,20639,12050,10573,10674,10135,8754,6784,4269,3486,2301,1786,1362,1147,776,176145,27196,25921,25020,17152,12031,11372,11008,10231,8374,5778,4722,4271,3801,3373,2519,1855,1521
Tanzania,TZ,KAGERA,TZ18,MULEBA,TZ1803,2020,731109,124764,110362,102484,80554,54437,48964,45488,41156,32557,24065,17264,14150,10975,8485,6326,5158,3920,370092,62199,56276,52198,42430,27840,24920,23619,21192,16805,13227,8741,6837,4515,3362,2465,2052,1414,361017,62565,54086,50286,38124,26597,24044,21869,19964,15752,10838,8523,7313,6460,5123,3861,3106,2506
Tanzania,TZ,KAGERA,TZ18,BIHARAMULO,TZ1804,2020,587544,125107,97646,78709,62075,48721,37832,30767,27525,22193,16180,12534,8531,6989,5128,3635,2152,1820,298505,63193,48915,39857,31796,25216,19503,15822,14049,11364,8950,6613,4214,3092,2318,1708,1064,831,289039,61914,48731,38852,30279,23505,18329,14945,13476,10829,7230,5921,4317,3897,2810,1927,1088,989
Tanzania,TZ,KAGERA,TZ18,NGARA,TZ1805,2020,324191,64479,49061,43791,34352,26635,21623,18024,16208,12871,9873,8323,5808,4845,3381,2305,1379,1233,158157,32377,24436,21894,17058,12777,10411,8518,7625,6039,4940,3882,2798,2075,1434,865,557,471,166034,32102,24625,21897,17294,13858,11212,9506,8583,6832,4933,4441,3010,2770,1947,1440,822,762
Tanzania,TZ,KAGERA,TZ18,BUKOBA MUNICIPAL,TZ1806,2020,192389,27397,22393,21760,26105,21498,18693,15239,12375,8744,6117,3897,3028,1718,1389,914,652,470,96207,13961,11044,10215,12409,10870,9525,8028,6606,4650,3509,2026,1460,738,504,285,241,136,96182,13436,11349,11545,13696,10628,9168,7211,5769,4094,2608,1871,1568,980,885,629,411,334
Tanzania,TZ,KAGERA,TZ18,MISSENYI,TZ1807,2020,267161,41887,37740,37340,29814,21215,18083,16810,14710,12487,9412,7161,5564,4852,3590,2798,2175,1523,135463,20939,19306,19246,15998,11132,9347,8629,7470,6403,5144,3509,2624,1958,1348,1024,824,562,131698,20948,18434,18094,13816,10083,8736,8181,7240,6084,4268,3652,2940,2894,2242,1774,1351,961
Tanzania,TZ,KAGERA,TZ18,KYERWA,TZ1808,2020,451170,83795,69754,64946,48817,36003,31284,26649,23196,19081,14341,9813,7617,5722,4097,2651,1895,1509,226960,42166,35378,32290,25402,18222,16200,13626,11720,9528,7450,4803,3461,2495,1664,1131,800,624,224210,41629,34376,32656,23415,17781,15084,13023,11476,9553,6891,5010,4156,3227,2433,1520,1095,885
Tanzania,TZ,MWANZA,TZ19,UKEREWE,TZ1901,2020,443073,81297,67547,59282,47311,35775,29041,27212,23019,19151,15788,10694,8074,6139,4627,3553,2600,1963,221260,40939,34349,30512,24917,18188,14059,13254,11227,9481,7290,5425,3830,2610,1925,1478,1044,732,221813,40358,33198,28770,22394,17587,14982,13958,11792,9670,8498,5269,4244,3529,2702,2075,1556,1231
Tanzania,TZ,MWANZA,TZ19,MAGU,TZ1902,2020,370502,66745,58289,50958,41251,31384,23733,20915,18092,15589,12973,8895,5793,5313,3975,3122,1993,1482,185503,33755,29568,25727,21597,16189,11710,10239,8972,7623,5902,4491,2903,2340,1654,1332,891,610,184999,32990,28721,25231,19654,15195,12023,10676,9120,7966,7071,4404,2890,2973,2321,1790,1102,872
Tanzania,TZ,MWANZA,TZ19,NYAMAGANA,TZ1903,2020,566150,83209,70038,66134,73798,66774,51859,41923,34033,25234,18624,11198,8383,5808,3900,2481,1598,1156,283316,42127,34766,31670,34442,33746,26647,21473,17808,13752,9383,6283,4373,2825,1779,1136,692,414,282834,41082,35272,34464,39356,33028,25212,20450,16225,11482,9241,4915,4010,2983,2121,1345,906,742
Tanzania,TZ,MWANZA,TZ19,KWIMBA,TZ1904,2020,522169,99561,83845,72775,58609,44669,30984,26694,23752,21504,17116,12179,7984,7181,5754,4408,2956,2198,260652,50523,42577,36618,30277,23052,15587,12970,11304,10206,7843,6135,3868,3168,2428,1944,1255,897,261517,49038,41268,36157,28332,21617,15397,13724,12448,11298,9273,6044,4116,4013,3326,2464,1701,1301
Tanzania,TZ,MWANZA,TZ19,SENGEREMA,TZ1905,2020,867932,162408,137033,118491,96064,73684,57378,49335,43289,35897,27664,19509,13798,11160,8797,6255,4122,3048,441977,81796,69271,60933,51228,38146,29518,25295,22114,18150,13971,10004,6713,4987,3919,2831,1899,1202,425955,80612,67762,57558,44836,35538,27860,24040,21175,17747,13693,9505,7085,6173,4878,3424,2223,1846
Tanzania,TZ,MWANZA,TZ19,ILEMELA,TZ1906,2020,428485,61707,52990,51007,57473,49075,38117,31953,26359,19692,14578,8527,6028,4283,2833,1818,1195,850,211706,31155,26417,24699,25890,24074,18885,16357,13755,10454,7183,4732,3183,2069,1302,768,479,304,216779,30552,26573,26308,31583,25001,19232,15596,12604,9238,7395,3795,2845,2214,1531,1050,716,546
Tanzania,TZ,MWANZA,TZ19,MISUNGWI,TZ1907,2020,467964,89381,74740,63278,52402,39256,28760,24409,22227,19469,15852,10906,7535,6428,5019,3904,2494,1904,236532,45510,38262,32589,27264,20155,14509,12253,10818,9582,7130,5641,3904,3053,2145,1791,1133,793,231432,43871,36478,30689,25138,19101,14251,12156,11409,9887,8722,5265,3631,3375,2874,2113,1361,1111
Tanzania,TZ,MARA,TZ20,TARIME,TZ2001,2020,414598,78841,68457,59188,47384,36218,26704,22041,18505,15951,11035,8735,6574,4908,4055,2745,1853,1404,203259,39859,34544,30095,23239,17224,12709,10528,8693,7524,5670,4304,2924,2013,1571,1125,720,517,211339,38982,33913,29093,24145,18994,13995,11513,9812,8427,5365,4431,3650,2895,2484,1620,1133,887
Tanzania,TZ,MARA,TZ20,SERENGETI,TZ2002,2020,341404,69247,57842,48128,36941,28068,21133,17829,15054,13144,9270,7276,5221,4055,3327,2203,1441,1225,169919,35248,29443,24544,18747,13635,10160,8584,7321,6336,4772,3568,2534,1694,1342,947,613,431,171485,33999,28399,23584,18194,14433,10973,9245,7733,6808,4498,3708,2687,2361,1985,1256,828,794
Tanzania,TZ,MARA,TZ20,MUSOMA,TZ2003,2020,228408,41970,36903,30347,23930,18404,14364,13173,10976,9758,7424,5660,4731,3653,2704,1998,1518,895,114333,21248,18719,15712,12937,9367,6804,6329,5217,4708,3828,2767,2121,1559,1091,886,676,364,114075,20722,18184,14635,10993,9037,7560,6844,5759,5050,3596,2893,2610,2094,1613,1112,842,531
Tanzania,TZ,MARA,TZ20,BUNDA,TZ2004,2020,428592,77376,68976,60451,48064,35314,26033,23228,19814,17578,13079,10492,8230,6673,4955,3630,2733,1966,212173,39114,35291,30927,25328,17791,12487,10910,8994,8163,6550,4953,3622,2737,1955,1461,1171,719,216419,38262,33685,29524,22736,17523,13546,12318,10820,9415,6529,5539,4608,3936,3000,2169,1562,1247
Tanzania,TZ,MARA,TZ20,MUSOMA MUNICIPAL,TZ2005,2020,163721,24410,22376,21575,21522,16484,12672,10437,8306,6789,5101,4084,3224,2480,1689,1151,834,587,78320,12234,11038,10317,10415,7892,5960,4977,3884,3237,2511,1937,1399,978,639,434,305,163,85401,12176,11338,11258,11107,8592,6712,5460,4422,3552,2590,2147,1825,1502,1050,717,529,424
Tanzania,TZ,MARA,TZ20,RORYA,TZ2006,2020,320376,59666,52574,43242,31891,25085,20299,18580,14759,13239,9470,7783,6989,5481,4489,3291,2199,1339,156119,30137,26757,22042,16850,11500,9116,8790,7038,6331,4688,3695,2896,2095,1604,1273,836,471,164257,29529,25817,21200,15041,13585,11183,9790,7721,6908,4782,4088,4093,3386,2885,2018,1363,868
Tanzania,TZ,MARA,TZ20,BUTIAMA,TZ2007,2020,292641,55175,47612,40577,31112,23592,17315,15419,13517,12289,9152,7006,5889,4537,3563,2594,1903,1389,144837,28004,24504,20887,16792,11595,8267,7335,6155,5658,4511,3242,2463,1814,1387,996,754,473,147804,27171,23108,19690,14320,11997,9048,8084,7362,6631,4641,3764,3426,2723,2176,1598,1149,916
Tanzania,TZ,MANYARA,TZ21,BABATI,TZ2101,2020,435066,70676,65495,60591,46333,36482,27949,25859,22690,20950,16508,10637,8402,6884,5590,4293,2788,2939,226507,36234,33330,31409,25602,20207,14942,13763,11787,10824,9094,5652,4211,2957,2316,1793,1188,1198,208559,34442,32165,29182,20731,16275,13007,12096,10903,10126,7414,4985,4191,3927,3274,2500,1600,1741
Tanzania,TZ,MANYARA,TZ21,HANANG,TZ2102,2020,365468,66031,57241,51320,39436,30879,23147,20113,17928,16615,12931,8346,6282,4989,3772,2776,1690,1972,190206,33661,29825,26416,21394,17013,12523,10463,9090,8485,7060,4404,3192,2219,1636,1194,783,848,175262,32370,27416,24904,18042,13866,10624,9650,8838,8130,5871,3942,3090,2770,2136,1582,907,1124
Tanzania,TZ,MANYARA,TZ21,MBULU,TZ2103,2020,424795,71582,64947,59838,48318,37601,26953,23444,20897,19075,15371,9647,7212,6393,4910,3483,2245,2879,219644,36725,33565,30685,25546,20447,14344,12237,10576,9825,8460,5019,3599,2762,2086,1551,972,1245,205151,34857,31382,29153,22772,17154,12609,11207,10321,9250,6911,4628,3613,3631,2824,1932,1273,1634
Tanzania,TZ,MANYARA,TZ21,SIMANJIRO,TZ2104,2020,224085,41065,37146,28119,22483,18538,16945,14954,12235,9997,7010,4792,3665,2456,1698,1358,774,850,114016,20599,18856,14609,11346,8612,8180,7754,6355,5470,4139,2725,2047,1154,800,644,368,358,110069,20466,18290,13510,11137,9926,8765,7200,5880,4527,2871,2067,1618,1302,898,714,406,492
Tanzania,TZ,MANYARA,TZ21,KITETO,TZ2105,2020,375056,69152,61216,46256,36994,30943,27075,24518,20528,17561,11847,8953,6100,4998,3312,2803,1419,1381,188928,34822,30684,23540,18913,14886,13108,12203,10272,9038,6752,4904,3369,2394,1466,1346,640,591,186128,34330,30532,22716,18081,16057,13967,12315,10256,8523,5095,4049,2731,2604,1846,1457,779,790
Tanzania,TZ,MANYARA,TZ21,BABATI TOWN,TZ2106,2020,103789,14283,12578,12832,12562,10601,8232,6861,5946,5115,4020,2999,2326,1795,1290,1042,647,660,53780,7189,6404,6588,6616,5726,4416,3723,3204,2685,2238,1501,1117,816,544,458,287,268,50009,7094,6174,6244,5946,4875,3816,3138,2742,2430,1782,1498,1209,979,746,584,360,392
Tanzania,TZ,NJOMBE,TZ22,NJOMBE TOWN,TZ2201,2020,148913,17799,19285,20196,18616,15105,12945,10101,8449,6790,5221,3971,3303,2375,2039,1309,873,536,71998,8873,9759,9946,9290,7536,6368,4835,4107,3180,2521,1754,1360,870,682,451,301,165,76915,8926,9526,10250,9326,7569,6577,5266,4342,3610,2700,2217,1943,1505,1357,858,572,371
Tanzania,TZ,NJOMBE,TZ22,WANGING'OMBE,TZ2202,2020,179247,23449,25548,25885,19107,13968,12537,11144,10204,8813,6576,5310,5007,3917,3145,2294,1352,991,85860,11867,12816,13190,10248,6888,5984,5192,4632,3946,3073,2221,1921,1337,1000,751,473,321,93387,11582,12732,12695,8859,7080,6553,5952,5572,4867,3503,3089,3086,2580,2145,1543,879,670
Tanzania,TZ,NJOMBE,TZ22,MAKETE,TZ2203,2020,93563,10989,12091,13264,9789,7153,6418,5777,5419,4589,3899,3149,2838,2366,2391,1624,1097,710,44464,5576,6162,6773,5267,3513,3138,2694,2519,2003,1815,1295,1105,736,691,550,411,216,49099,5413,5929,6491,4522,3640,3280,3083,2900,2586,2084,1854,1733,1630,1700,1074,686,494
Tanzania,TZ,NJOMBE,TZ22,NJOMBE,TZ2204,2020,90913,12756,13423,12905,9454,7487,6701,5579,5079,4170,3206,2534,2191,1704,1534,1023,637,530,43700,6353,6612,6540,5138,3722,3205,2505,2400,1911,1488,1064,898,589,512,365,240,158,47213,6403,6811,6365,4316,3765,3496,3074,2679,2259,1718,1470,1293,1115,1022,658,397,372
Tanzania,TZ,NJOMBE,TZ22,LUDEWA,TZ2205,2020,144383,19560,21118,21345,15823,11390,9431,8521,7947,6732,5502,4492,4050,2895,2473,1508,1017,579,70415,9774,10685,10952,8483,5720,4585,4103,3621,3070,2615,2011,1623,1081,901,590,394,207,73968,9786,10433,10393,7340,5670,4846,4418,4326,3662,2887,2481,2427,1814,1572,918,623,372
Tanzania,TZ,NJOMBE,TZ22,MAKAMBAKO TOWN,TZ2206,2020,122456,16749,16906,16534,15255,12177,10927,9007,7276,5158,3496,2469,2190,1514,1269,706,463,360,59082,8414,8389,8181,7522,5719,5116,4404,3619,2491,1759,1074,903,528,426,255,167,115,63374,8335,8517,8353,7733,6458,5811,4603,3657,2667,1737,1395,1287,986,843,451,296,245
Tanzania,TZ,KATAVI,TZ23,MPANDA TOWN,TZ2301,2020,146868,24652,20370,18189,17320,15107,12680,10314,8179,5894,3873,2939,2315,1862,1294,888,562,430,73826,12322,10233,8841,8494,7462,6419,5417,4442,3299,2179,1525,1140,792,513,353,243,152,73042,12330,10137,9348,8826,7645,6261,4897,3737,2595,1694,1414,1175,1070,781,535,319,278
Tanzania,TZ,KATAVI,TZ23,MPANDA,TZ2302,2020,295772,59593,48006,39786,31270,24822,20818,17217,14021,10940,7895,6227,4901,3955,2716,1844,962,799,150886,29932,24481,20354,15654,12344,10606,8925,7596,5794,4525,3365,2440,1837,1282,895,480,376,144886,29661,23525,19432,15616,12478,10212,8292,6425,5146,3370,2862,2461,2118,1434,949,482,423
Tanzania,TZ,KATAVI,TZ23,MLELE,TZ2303,2020,333634,65422,53308,45049,36685,28924,23481,18951,15742,12571,8968,7263,5508,4470,3124,2046,1192,930,169351,33019,26988,22708,18146,14670,11891,9849,8357,6520,5005,3905,2841,2091,1369,979,602,411,164283,32403,26320,22341,18539,14254,11590,9102,7385,6051,3963,3358,2667,2379,1755,1067,590,519
Tanzania,TZ,SIMIYU,TZ24,BARIADI,TZ2401,2020,529659,106246,88886,74492,62155,45229,31738,25945,22517,20073,13818,11651,7692,6913,4975,3367,2184,1778,258915,53821,44821,37489,30726,21919,14746,11945,10110,9285,7140,5534,3556,2892,1985,1341,894,711,270744,52425,44065,37003,31429,23310,16992,14000,12407,10788,6678,6117,4136,4021,2990,2026,1290,1067
Tanzania,TZ,SIMIYU,TZ24,ITILIMA,TZ2402,2020,380810,76530,65899,55757,43232,30617,21809,17357,15818,14561,10004,8227,5718,5291,3992,2806,1723,1469,184393,38821,33555,28014,20943,14349,9888,7774,6928,6719,5017,3776,2517,2150,1543,1131,694,574,196417,37709,32344,27743,22289,16268,11921,9583,8890,7842,4987,4451,3201,3141,2449,1675,1029,895
Tanzania,TZ,SIMIYU,TZ24,MEATU,TZ2403,2020,364133,72765,60006,50655,42066,31750,22567,18088,16035,14072,9554,7620,5186,5054,3299,2419,1686,1311,178373,36915,30388,25134,20344,15381,10758,8513,7302,6686,5038,3734,2412,2170,1303,1064,682,549,185760,35850,29618,25521,21722,16369,11809,9575,8733,7386,4516,3886,2774,2884,1996,1355,1004,762
Tanzania,TZ,SIMIYU,TZ24,MASWA,TZ2404,2020,396481,72223,62639,54969,46060,35459,24257,20999,18640,16751,11720,9134,6467,5694,4505,3166,2120,1678,197308,36616,31767,27892,23317,18187,11849,9985,8703,8122,6249,4587,2984,2480,1742,1329,866,633,199173,35607,30872,27077,22743,17272,12408,11014,9937,8629,5471,4547,3483,3214,2763,1837,1254,1045
Tanzania,TZ,SIMIYU,TZ24,BUSEGA,TZ2405,2020,246683,44669,40195,35035,27805,20551,14424,13240,11490,10279,7115,6316,4102,3872,2795,2132,1544,1119,122475,22642,20553,17925,14552,10546,7023,6229,5389,4799,3537,2941,1808,1557,1070,834,665,405,124208,22027,19642,17110,13253,10005,7401,7011,6101,5480,3578,3375,2294,2315,1725,1298,879,714
Tanzania,TZ,GEITA,TZ25,GEITA,TZ2501,2020,1069531,202101,169242,146991,122666,97478,74016,59540,51575,42216,31487,22851,15514,11964,8892,6265,3766,2967,543956,102258,85573,74220,62829,49644,37726,30955,26350,21696,16235,12198,8117,5819,4200,3009,1831,1296,525575,99843,83669,72771,59837,47834,36290,28585,25225,20520,15252,10653,7397,6145,4692,3256,1935,1671
Tanzania,TZ,GEITA,TZ25,NYANG'HWALE,TZ2502,2020,189354,36917,31197,27210,21852,15841,11792,9478,8389,7357,6359,3987,2666,2114,1611,1174,760,650,95922,18734,15919,14007,11381,8275,5990,4597,4016,3563,2741,2151,1466,1062,755,578,385,302,93432,18183,15278,13203,10471,7566,5802,4881,4373,3794,3618,1836,1200,1052,856,596,375,348
Tanzania,TZ,GEITA,TZ25,MBOGWE,TZ2503,2020,215125,41566,35556,31134,25208,18455,13914,11114,9940,8230,6756,4218,2659,2191,1621,1235,717,611,108186,20925,17995,15869,13041,9320,6815,5400,4829,4057,3088,2290,1415,1101,779,612,370,280,106939,20641,17561,15265,12167,9135,7099,5714,5111,4173,3668,1928,1244,1090,842,623,347,331
Tanzania,TZ,GEITA,TZ25,BUKOMBE,TZ2504,2020,241937,46110,38701,34103,27916,21636,16867,13798,12017,9510,7320,4499,2706,2387,1671,1301,771,624,122509,23454,19520,17242,14132,10720,8471,6963,6040,5042,3546,2577,1461,1222,800,620,399,300,119428,22656,19181,16861,13784,10916,8396,6835,5977,4468,3774,1922,1245,1165,871,681,372,324
Tanzania,TZ,GEITA,TZ25,CHATO,TZ2505,2020,512566,97657,85238,73205,57968,43067,32819,27119,24901,20505,15752,10882,7187,5685,4269,3050,1827,1435,260919,49264,43445,37159,30233,22068,16444,13764,12272,10556,8005,5918,3748,2865,2035,1571,917,655,251647,48393,41793,36046,27735,20999,16375,13355,12629,9949,7747,4964,3439,2820,2234,1479,910,780
Tanzania,TZ,SONGWE,TZ26,ILEJE,TZ2605,2020,146127,20143,20094,20519,17468,11655,9157,8333,7901,6824,6546,3999,3660,2907,2837,1881,1362,841,70149,9986,9983,10292,8898,5826,4425,3743,3595,3117,2792,1978,1578,1197,1056,771,560,352,75978,10157,10111,10227,8570,5829,4732,4590,4306,3707,3754,2021,2082,1710,1781,1110,802,489
Tanzania,TZ,SONGWE,TZ26,MBOZI,TZ2606,2020,572168,88055,83862,80371,66472,51948,40590,35003,31330,25046,19642,13021,10825,8214,7362,4678,3391,2358,280709,43927,42083,40779,34577,26691,20248,16423,14615,11265,8902,6280,4769,3362,2788,1845,1318,837,291459,44128,41779,39592,31895,25257,20342,18580,16715,13781,10740,6741,6056,4852,4574,2833,2073,1521
Tanzania,TZ,SONGWE,TZ26,MOMBA,TZ2609,2020,320763,65314,52884,40635,30079,25485,24025,19040,15902,12699,10891,6399,5102,4090,3267,2247,1594,1110,157086,32892,26235,20580,14395,11819,11772,9233,8010,6048,4651,3450,2553,1827,1325,1058,750,488,163677,32422,26649,20055,15684,13666,12253,9807,7892,6651,6240,2949,2549,2263,1942,1189,844,622
Tanzania,TZ,SONGWE,TZ26,TUNDUMA,TZ2610,2020,164868,27473,22276,17974,19574,20338,19661,14265,9298,5482,3471,1638,1040,886,603,404,288,197,81312,13917,11036,8226,8357,9060,10205,7895,5184,3262,1885,910,503,314,212,164,113,69,83556,13556,11240,9748,11217,11278,9456,6370,4114,2220,1586,728,537,572,391,240,175,128
Tanzania,TZ,ZANZIBAR NORTH,TZ51,KASKAZINI A,TZ5101,2020,128663,19838,17353,16150,15170,11966,8762,6832,6832,6212,6534,4045,2790,2254,1540,1239,602,544,63965,10062,8564,8360,7623,6171,4405,3223,3104,2815,2942,2173,1591,1079,702,604,291,256,64698,9776,8789,7790,7547,5795,4357,3609,3728,3397,3592,1872,1199,1175,838,635,311,288
Tanzania,TZ,ZANZIBAR NORTH,TZ51,KASKAZINI B,TZ5102,2020,121062,19629,15949,14739,14296,11631,8807,7034,6197,6135,5673,3375,2426,1913,1310,1042,518,388,61641,9912,8088,7545,7536,6182,4580,3670,2897,2848,2869,1867,1243,900,624,464,258,158,59421,9717,7861,7194,6760,5449,4227,3364,3300,3287,2804,1508,1183,1013,686,578,260,230
Tanzania,TZ,ZANZIBAR CENTRAL/SOUTH,TZ52,KATI,TZ5201,2020,92673,13402,11411,11527,10669,9525,7388,6019,5296,4993,3779,2652,1936,1473,1052,826,384,341,47705,6890,5854,6045,5667,5116,3809,3063,2615,2431,1999,1398,1010,633,481,361,197,136,44968,6512,5557,5482,5002,4409,3579,2956,2681,2562,1780,1254,926,840,571,465,187,205
Tanzania,TZ,ZANZIBAR CENTRAL/SOUTH,TZ52,KUSINI,TZ5202,2020,45822,6265,5141,5223,4982,4716,3847,3300,2856,2530,2038,1445,962,882,614,555,277,189,23013,3276,2712,2773,2658,2398,1947,1602,1324,1154,1025,700,438,362,216,234,118,76,22809,2989,2429,2450,2324,2318,1900,1698,1532,1376,1013,745,524,520,398,321,159,113
Tanzania,TZ,ZANZIBAR URBAN/WEST,TZ53,MAGHARIBI,TZ5301,2020,676452,104094,90613,84164,76948,69244,55427,49253,43391,35850,26437,15774,9870,6624,3854,2785,1137,987,333200,52681,44818,41309,36199,32864,25277,23256,21759,19254,14552,9017,5543,3127,1673,1129,416,326,343252,51413,45795,42855,40749,36380,30150,25997,21632,16596,11885,6757,4327,3497,2181,1656,721,661
Tanzania,TZ,ZANZIBAR URBAN/WEST,TZ53,MJINI,TZ5302,2020,248175,30106,27107,28346,30363,29616,22485,17511,14369,12434,10995,7327,6228,4569,3048,2028,919,724,121744,15096,13282,14051,14580,14950,11745,8775,6918,5769,4647,3655,3143,2185,1441,871,398,238,126431,15010,13825,14295,15783,14666,10740,8736,7451,6665,6348,3672,3085,2384,1607,1157,521,486
Tanzania,TZ,PEMBA NORTH,TZ54,WETE,TZ5401,2020,119302,20054,17565,16547,14840,9809,6669,5743,5256,5315,5662,3758,2567,2163,1332,1139,475,408,59035,10279,8975,8445,7543,4889,3306,2884,2292,2189,2342,1913,1395,1035,600,538,227,183,60267,9775,8590,8102,7297,4920,3363,2859,2964,3126,3320,1845,1172,1128,732,601,248,225
Tanzania,TZ,PEMBA NORTH,TZ54,MICHEWENI,TZ5402,2020,130144,22728,20685,18642,16207,10300,7595,6007,6193,5350,5333,3662,2421,1970,1296,961,448,346,65270,11622,10850,9646,8158,5124,3787,2733,2736,2349,2479,1911,1362,995,617,478,245,178,64874,11106,9835,8996,8049,5176,3808,3274,3457,3001,2854,1751,1059,975,679,483,203,168
Tanzania,TZ,PEMBA SOUTH,TZ55,CHAKE CHAKE,TZ5501,2020,116657,18772,17703,17027,15030,9895,7136,5829,5245,4901,4334,3506,2301,1945,1214,1015,442,362,56991,9433,8898,8679,7528,4755,3352,2717,2255,2185,2108,1673,1194,856,568,446,197,147,59666,9339,8805,8348,7502,5140,3784,3112,2990,2716,2226,1833,1107,1089,646,569,245,215
Tanzania,TZ,PEMBA SOUTH,TZ55,MKOANI,TZ5502,2020,107558,18406,16920,15671,13115,8341,6205,4914,4821,4528,3995,3266,2210,1980,1282,1057,461,386,53261,9386,8878,8211,6554,3994,2932,2213,2122,1976,2034,1506,1164,854,586,473,217,161,54297,9020,8042,7460,6561,4347,3273,2701,2699,2552,1961,1760,1046,1126,696,584,244,225
